Name,Sequence
,
Used During Linear Construct Synthesis,
pdr3-hygcas-forward-primer,cgacaactgcatcagcagttttattaattttttcttattgcgtgaccgcagacatggaggcccagaatac
pdr3-hygcas-reverse-primer,gtgtcccatttactatggttatgctctgcttccctattttctttgcgtttcagtatagcgaccagcattc
,
Linear Construct,
Transforming Linear Construct,cgacaactgcatcagcagttttattaattttttcttattgcgtgaccgcagacatggaggcccagaataccctccttgacagtcttgacgtgcgcagctcaggggcatgatgtgactgtcgcccgtacatttagcccatacatccccatgtataatcatttgcatccatacattttgatggccgcacggcgcgaagcaaaaattacggctcctcgctgcagacctgcgagcagggaaacgctcccctcacagacgcgttgaattgtccccacgccgcgcccctgtagagaaatataaaaggttaggatttgccactgaggttcttctttcatatacttccttttaaaatcttgctaggatacagttctcacatcacatccgaacataaacaaccatgggtaaaaagcctgaactcaccgcgacgtctgtcgagaagtttctgatcgaaaagttcgacagcgtctccgacctgatgcagctctcggagggcgaagaatctcgtgctttcagcttcgatgtaggagggcgtggatatgtcctgcgggtaaatagctgcgccgatggtttctacaaagatcgttatgtttatcggcactttgcatcggccgcgctcccgattccggaagtgcttgacattggggaattcagcgagagcctgacctattgcatctcccgccgtgcacagggtgtcacgttgcaagacctgcctgaaaccgaactgcccgctgttctgcagccggtcgcggaggccatggatgcgatcgctgcggccgatcttagccagacgagcgggttcggcccattcggaccgcaaggaatcggtcaatacactacatggcgtgatttcatatgcgcgattgctgatccccatgtgtatcactggcaaactgtgatggacgacaccgtcagtgcgtccgtcgcgcaggctctcgatgagctgatgctttgggccgaggactgccccgaagtccggcacctcgtgcacgcggatttcggctccaacaatgtcctgacggacaatggccgcataacagcggtcattgactggagcgaggcgatgttcggggattcccaatacgaggtcgccaacatcttcttctggaggccgtggttggcttgtatggagcagcagacgcgctacttcgagcggaggcatccggagcttgcaggatcgccgcggctccgggcgtatatgctccgcattggtcttgaccaactctatcagagcttggttgacggcaatttcgatgatgcagcttgggcgcagggtcgatgcgacgcaatcgtccgatccggagccgggactgtcgggcgtacacaaatcgcccgcagaagcgcggccgtctggaccgatggctgtgtagaagtactcgccgatagtggaaaccgacgccccagcactcgtccgagggcaaaggaataatcagtactgacaataaaaagattcttgttttcaagaacttgtcatttgtatagtttttttatattgtagttgttctattttaatcaaatgttagcgtgatttatattttttttcgcctcgacatcatctgcccagatgcgaagttaagtgcgcagaaagtaatatcatgcgtcaatcgtatgtgaatgctggtcgctatactgaaacgcaaagaaaatagggaagcagagcataaccatagtaaatgggacac
,
PCR Checks,
,
Positive Control,
kan-forward,cggcaaaacagcattccagg
pdr-1-downstream-reverse,tcattgttgaatgatagctacgg
,
Negative Control,
pdr-3-upstream-forward,attttttcttattgcgtgac
pdr-3-downstream-reverse,ctgcttccctattttctttg
,
Test,
pdr3-upstream-forward,attttttcttattgcgtgac
hyg-reverse,tatccacgccctcctacatc